NAME,PRICE,STOCK,IMAGE,SUBCATEGORY,SKU
"Abanico de Pared Sankey 16""","C$2,100",2,,ABANICOS,FN1827
"Abanico de Pared Sankey 16"" con Control","C$2,100",0,,ABANICOS,FN1828RC
"Abanico de Pared Sankey 16"" con Control","C$2,100",3,,ABANICOS,FN1853R/C
"Abanico de Pared Sankey 16"" con Control","C$2,350",1,,ABANICOS,FN1884RC
"Abanico de Pared Sankey 18""","C$2,420",3,,ABANICOS,FN18M40
"Abanico de Techo Sankey 20""","C$1,850",1,,ABANICOS,SM2029FRC
"Abanico de Torre Sankey 30""","C$1,450",6,,ABANICOS,FN30T04BR
"Abanico de Torre Sankey 42""","C$2,620",0,,ABANICOS,FN40T01BR
"Abanico de Torre Sankey 43""","C$3,190",2,,ABANICOS,FN43T03BR
"Abanico Discovery 10""",C$550,7,,ABANICOS,DIEZPGORG
"Abanico Lasko 16""","C$1,990",2,,ABANICOS,2521
"Abanico Recargable Sankey 16""","C$2,490",3,,ABANICOS,FN17BAT10
"Abanico Sankey 12""","C$1,020",0,,ABANICOS,FN1212M
"Abanico Sankey 12""","C$1,050",1,,ABANICOS,FN1216M
"Abanico Sankey 16""","C$2,200",0,,ABANICOS,FN17A54PB
"Abanico Sankey 16""","C$2,080",3,,ABANICOS,FN17P2BL
"Abanico Sankey 16""","C$2,290",2,,ABANICOS,FN1738
"Abanico Sankey 16"" con control","C$2,280",0,,ABANICOS,FN1742BRC2
"Abanico Sankey 16"" con control","C$2,450",1,,ABANICOS,FN1785BLRC
"Abanico Sankey 16"" Repelente Mosquito","C$2,450",2,,ABANICOS,FN17MOS38M
"Abanico Sankey 18"" Repelente Mosquito","C$2,490",2,,ABANICOS,FN18F6MOSR
"Abanico Sankey 18"" Repelente Mosquito","C$2,320",0,,ABANICOS,FN17MOS2F
Aire Acondicionado Portátil Hisense,"C$14,550",2,,ABANICOS,AP12CW1RNXS20
Almohada Indufoam,C$700,1,,CAMAS,SLEEPWELL
Almohada Sleep Essentials,C$750,0,,CAMAS,666
Andarivel Wonder Baby,"C$1,450",1,,NIÑOS,0
Arrocera Aiwa 15T,"C$1,200",3,,ARROCERA,AWHRCB2201
Arrocera Aiwa 6T,C$950,0,,ARROCERA,AWHRCB1201
Arrocera Black&Decker 20T,"C$1,990",0,,ARROCERA,RC5200
Arrocera Oster 10T,"C$1,920",0,,ARROCERA,CKSTRC1700B
Balancín para Bebés,"C$1,550",1,,NIÑOS,0
Barra de Sonido Aiwa,"C$5,350",1,,EQUIPOS DE SONIDO,AWSBH1W
Base de Cama Capri Matrimonial,"C$3,290",9,,CAMAS,0
Base de Cama Capri Unipersonal,"C$2,690",6,,CAMAS,0
Base de Cama Indufoam King,"C$8,400",1,,CAMAS,0
Base de Cama Indufoam Matrimonial,"C$4,790",7,,CAMAS,0
Base de Cama Indufoam Queen,"C$5,690",1,,CAMAS,0
Base de Cama Indufoam Unipersonal,"C$4,000",9,,CAMAS,0
Base de Cama La Coruña Matrimonial,"C$3,290",10,,CAMAS,0
Base de Cama La Coruña Unipersonal,"C$2,690",0,,CAMAS,0
Batidora Sankey,"C$1,730",0,,BATIDORA,HM536BLS
Batidora Sankey,"C$1,690",0,,BATIDORA,HM535S
Bicicleta Banana N°16,"C$3,980",0,,BICICLETAS,0
Bicicleta Banana N°20,"C$4,790",0,,BICICLETAS,0
Bicicleta Banana N°24,"C$5,290",0,,BICICLETAS,0
Bicicleta Banana N°26,"C$5,290",0,,BICICLETAS,0
Bicicleta Bmx N°16,"C$3,700",1,,BICICLETAS,0
Bicicleta Elite Montañera N°26,"C$10,800",2,,BICICLETAS,0
Bicicleta Estilo Moto,"C$3,590",0,,BICICLETAS,AIBEIJIA
Bicicleta Lala N°12 Equipada,"C$2,890",1,,BICICLETAS,0
Bicicleta Lala N°16 Equipada,"C$2,990",1,,BICICLETAS,0
Bicicleta Lala N°20 Equipada,"C$3,390",0,,BICICLETAS,0
Bicicleta Lala N°20 Montañera,"C$4,790",0,,BICICLETAS,0
Bicicleta Lala N°24 Montañera,"C$5,690",0,,BICICLETAS,0
Bicicleta Lala N°26 Montañera,"C$5,690",0,,BICICLETAS,0
Bicicleta Phillips N°12,"C$3,500",1,,BICICLETAS,0
Bicicleta Phillips N°12,"C$2,990",0,,BICICLETAS,0
Bicicleta Phillips N°16,"C$3,190",0,,BICICLETAS,0
Bicicleta Phillips N°16 Offroad,"C$3,850",1,,BICICLETAS,0
Bicicleta Phillips N°20,"C$3,490",0,,BICICLETAS,0
Bicicleta Rotor N°20,"C$5,950",0,,BICICLETAS,0
Bicicleta Sky Bike N°12 Equipada,"C$2,500",0,,BICICLETAS,0
Bicicleta Sky Bike N°16,"C$2,990",0,,BICICLETAS,0
Bicicleta Sky Bike N°16 Equipada,"C$2,890",0,,BICICLETAS,0
Bicicleta Tornado N°12,"C$2,990",0,,BICICLETAS,0
Bicicleta Tornado N°16,"C$3,590",2,,BICICLETAS,0
Bicicleta Tornado N°16 Equipada,"C$3,350",1,,BICICLETAS,0
Bicicleta Tornado N°20,"C$3,450",0,,BICICLETAS,0
Cafetera Aiwa 12 Tazas,"C$1,490",2,,CAFETERA,AWHCMD1501
Cafetera Aiwa 8 Tazas,"C$1,600",0,,CAFETERA,AWHCMDSS1001
Cafetera Aiwa 8 Tazas,C$850,0,,CAFETERA,AWHKD1301
Cafetera Black&Decker 12 Tazas,"C$1,250",0,,CAFETERA,CM0941B
Cafetera Black&Decker 12 Tazas,"C$1,250",0,,CAFETERA,CM0916B
Cafetera Black&Decker 12 Tazas,"C$1,250",1,,CAFETERA,CM0916W
Cafetera Black&Decker 30 Tazas,"C$2,290",0,,CAFETERA,CMU3000
Cafetera Black&Decker 4 en 1 de 5 Tazas,"C$1,390",1,,CAFETERA,CM0755SMX
Cafetera Oster 12 Tazas,"C$1,180",3,,CAFETERA,BVSTDCS12BN
Cafetera Oster 5 Tazas,C$990,0,,CAFETERA,BVST0G0S
Cafetera Sankey 10 Tazas,"C$1,280",1,,CAFETERA,CM7511SS
Cafetera Sankey 12 Tazas,"C$1,550",1,,CAFETERA,CM7612SS
Cafetera Sankey 12 Tazas,C$950,1,,CAFETERA,CM1227
Cafetera Sankey 20 Tazas,"C$1,500",2,,CAFETERA,CM2011
Cafetera Sankey 30 Tazas,"C$1,720",2,,CAFETERA,CM3011
Cafetera Sankey 9 Tazas,C$880,3,,CAFETERA,CM7009P
Cafetera Sankey Con Molino de Café,"C$2,450",1,,CAFETERA,CM401R
Cafetera Sankey para Espresso,"C$2,990",0,,CAFETERA,CME1220
Cama Capri Matrimonial,"C$8,490",0,,CAMAS,0
Cama Capri Unipersonal,"C$6,850",0,,CAMAS,0
Cama Indufoam King,"C$17,390",0,,CAMAS,Fresco Foam/Wonder
Cama Indufoam King,"C$19,790",0,,CAMAS,Deluxe
Cama Indufoam King,"C$19,990",0,,CAMAS,Advance
Cama Indufoam King,"C$21,580",0,,CAMAS,Orto Advance
Cama Indufoam King,"C$24,690",0,,CAMAS,Natural Sleep
Cama Indufoam Matrimonial,"C$10,950",0,,CAMAS,Durafoam Plus
Cama Indufoam Matrimonial,"C$11,900",0,,CAMAS,Fresco Foam/Wonder
Cama Indufoam Matrimonial,"C$13,390",0,,CAMAS,Deluxe
Cama Indufoam Matrimonial,"C$10,790",0,,CAMAS,Advance
Cama Indufoam Matrimonial,"C$14,390",0,,CAMAS,Orto Advance
Cama Indufoam Matrimonial,"C$16,390",0,,CAMAS,Natural Sleep
Cama Indufoam Queen,"C$13,190",0,,CAMAS,Fresco Foam/Wonder
Cama Indufoam Queen,"C$14,490",0,,CAMAS,Deluxe
Cama Indufoam Queen,"C$15,390",0,,CAMAS,Advance
Cama Indufoam Queen,"C$19,890",0,,CAMAS,Orto Advance
Cama Indufoam Queen,"C$19,290",0,,CAMAS,Natural Sleep
Cama Indufoam Unipersonal,"C$8,590",0,,CAMAS,Durafoam Plus
Cama Indufoam Unipersonal,"C$9,820",0,,CAMAS,Fresco Foam/Wonder
Cama Indufoam Unipersonal,"C$10,890",0,,CAMAS,Deluxe
Cama Indufoam Unipersonal,"C$10,790",0,,CAMAS,Advance
Cama Indufoam Unipersonal,"C$11,490",0,,CAMAS,Orto Advance
Cama Indufoam Unipersonal,"C$13,390",0,,CAMAS,Natural Sleep
Cama La Coruña Matrimonial,"C$8,690",0,,CAMAS,Single
Cama La Coruña Matrimonial,"C$10,990",0,,CAMAS,Madrid
Cama La Coruña Matrimonial,"C$13,590",0,,CAMAS,Valencia
Cama La Coruña Unipersonal,"C$6,890",0,,CAMAS,Single
Canastera de Metal Lotus,"C$1,700",1,,UTENSILIOS,KTST8045A
Canastera de Metal Lotus,"C$1,500",1,,UTENSILIOS,KTST8405B
Carro Electrico,"C$12,990",0,,NIÑOS,I4WD
Carro Eléctrico 4x4,"C$14,590",0,,NIÑOS,4x4
Carro para Bebe Little Kids,"C$2,190",0,,NIÑOS,UTV
Carro para Bebe Wonder Baby,"C$1,850",0,,NIÑOS,LR013
Carro para Bebe Wonder Baby,"C$2,100",0,,NIÑOS,LRO30
Carro Recargable para Bebe Little Kids,"C$1,290",0,,NIÑOS,LKEC260033
Carro Recargable para Bebe Little Kids,"C$2,250",1,,NIÑOS,TK300
Carro Recargable para Bebe Wonder Baby,"C$2,050",0,,NIÑOS,BM840
Cazuela Berlinger Hause 20cm,"C$1,225",1,,UTENSILIOS,BH1641N
Cazuela Berlinger Hause 24cm,"C$1,350",1,,UTENSILIOS,BH1515N
Cazuela Berlinger Hause 24cm,"C$1,550",1,,UTENSILIOS,BH7087
Cepillo Eléctrico Remington con Keratina,"C$2,250",1,,BELLEZA,AS21A
Cepillo Remington,"C$1,820",0,,BELLEZA,AS15A
Chinero Fibran,"C$4,590",5,,CHINEROS,0
Chinero Madera 3 Puertas,"C$14,190",0,,CHINEROS,0
Chinero Metálico,"C$12,490",0,,CHINEROS,0
Chinero Plástico Plastimas,"C$3,500",0,,CHINEROS,Rattan
Chinero Plástico Plastimas,"C$4,490",0,,CHINEROS,Supremo
Coche para Bebe,"C$2,300",2,,NIÑOS,JB215
Coche para Bebe Flamingo,"C$1,990",1,,NIÑOS,8008
Coche Para Bebe Wonder Baby,"C$2,100",1,,NIÑOS,CBR02
Coche para Bebé Wonder Baby,C$990,1,,NIÑOS,BM411
Coche para Bebé Wonder Baby,"C$1,500",1,,NIÑOS,0
Coche para Bebé Wonder Baby,"C$2,190",0,,NIÑOS,0
Coche para Bebé Wonder Baby,"C$2,200",1,,NIÑOS,0
Cocina con Repisas Danko 4 Quemadores,"C$2,750",0,,COCINA,0
Cocina con Repisas Gippon 4 quemadores,"C$2,750",2,,COCINA,0
Cocina con Repisas Gippon 5 Quemadores,"C$3,790",0,,COCINA,0
Cocina con Repisas IML 4 Quemadores,"C$2,690",1,,COCINA,C4IQMN
Cocina con Repisas Premier 4 Quemadores,"C$3,200",3,,COCINA,EF7687G
Cocina de Mesa Ecocina 2 Quemadores,C$980,0,,COCINA,C2EM
Cocina de Mesa Ecocina 3 Quemadores,"C$1,490",1,,COCINA,C2EM
Cocina de Mesa Ecocina 4 Quemadores,"C$1,890",0,,COCINA,C4EBT
Cocina de Mesa Gippon 2 Quemadores,"C$1,100",0,,COCINA,GP220
Cocina de Mesa IML 4 Quemadores,"C$2,350",0,,COCINA,C4BQP
Cocina de Mesa Sankey 2 Quemadores,"C$1,650",1,,COCINA,Sofia
Cocina de Mesa Sankey 3 Quemadores,"C$1,780",0,,COCINA,Jen
Cocina de Mesa Sankey 4 Quemadores,"C$2,590",0,,COCINA,Lorena
Cocina de Mesa Sankey 4 Quemadores,"C$2,350",3,,COCINA,Linda
Cocina Electrica Master Sonic 2Q,C$435,0,,COCINA,MS022E
Cocina Eléctrica Sankey,C$540,1,,COCINA,ES101
"Cocina Frigidaire 4Q 20"" Tapa de Vidrio","C$9,650",1,,COCINA,FKGA20C3MJG
"Cocina Frigidaire 4Q 20"" Tapa de Vidrio*","C$10,890",0,,COCINA,FKGA20C3MJSM
"Cocina Frigidaire 4Q 24""","C$11,850",1,,COCINA,FKGH24C3MQG
Cocina IML 4Q,"C$3,950",0,,COCINA,C4GM
Cocina IML 4Q con Horno,"C$5,490",0,,COCINA,CHN1
Cocina Mabe 4Q,"C$7,990",6,,COCINA,EMA5105
Cocina Mabe 4Q,"C$8,590",6,,COCINA,EMA5110
Cocina Mabe 4Q Tapa de Vidrio,"C$9,750",1,,COCINA,EMA5120
Cocina Mabe 4Q Tapa de Vidrio,"C$9,890",2,,COCINA,EMA5130
Cocina Mabe 4Q Tapa de Vidrio,"C$9,990",3,,COCINA,EMA6030
Cocina Mabe 6Q,"C$12,490",1,,COCINA,EM7622BAPS
Cocina Mabe 6Q,"C$17,490",1,,COCINA,EM7659BFIX
Cocina Mabe 6Q Tapa de Vidrio,"C$18,290",0,,COCINA,EM7660CFIX2A
Cocina Mabe 6Q Tapa de Vidrio,"C$15,850",2,,COCINA,EM7655CSIN
Cocina Samsung 4Q,"C$15,390",1,,COCINA,NX24BG35411VAP
Cocina Samsung 4Q Tapa de Vidrio,"C$15,390",1,,COCINA,NX24BG45411VAP
Cocina Samsung 6Q,"C$21,850",0,,COCINA,NX52T5311LSAP
Colchon Capri Matrimonial,"C$5,850",7,,COLCHONES,Buen Sueño
Colchon Capri Unipersonal,"C$4,950",6,,COLCHONES,Buen Sueño
Colchón Indufoam King,"C$9,695",1,,COLCHONES,Fresco Foam
Colchón Indufoam King,"C$8,990",0,,COLCHONES,Wonder
Colchón Indufoam King,"C$11,290",0,,COLCHONES,Deluxe
Colchón Indufoam King,"C$11,590",0,,COLCHONES,Advance
Colchón Indufoam Matrimonial,"C$5,990",0,,COLCHONES,Durafoam Plus
Colchón Indufoam Matrimonial,"C$6,690",1,,COLCHONES,Fresco Foam
Colchón Indufoam Matrimonial,"C$7,110",5,,COLCHONES,Wonder
Colchón Indufoam Matrimonial,"C$8,690",1,,COLCHONES,Deluxe
Colchón Indufoam Matrimonial,"C$8,590",0,,COLCHONES,Advance
Colchón Indufoam Queen,"C$7,490",0,,COLCHONES,Fresco Foam
Colchón Indufoam Queen,"C$7,790",0,,COLCHONES,Wonder
Colchón Indufoam Queen,"C$9,390",0,,COLCHONES,Deluxe
Colchón Indufoam Queen,"C$9,890",0,,COLCHONES,Advance
Colchón Indufoam Unipersonal,"C$4,590",3,,COLCHONES,Durafoam Plus
Colchón Indufoam Unipersonal,"C$5,490",1,,COLCHONES,Fresco Foam
Colchón Indufoam Unipersonal,"C$5,820",1,,COLCHONES,Wonder
Colchón Indufoam Unipersonal,"C$6,990",0,,COLCHONES,Deluxe
Colchón Indufoam Unipersonal,"C$7,790",0,,COLCHONES,Advance
Colchon La Coruña Matrimonial,"C$5,995",8,,COLCHONES,Single
Colchon La Coruña Matrimonial,"C$9,000",1,,COLCHONES,Valencia
Colchon La Coruña Matrimonial,"C$10,200",1,,COLCHONES,Ortopedico Plus
Colchon La Coruña Matrimonial,"C$9,200",1,,COLCHONES,Madrid
Colchon La Coruña Unipersonal,"C$5,800",5,,COLCHONES,Single
Colchon La Coruña Unipersonal,"C$4,800",1,,COLCHONES,Premium
"Colchoneta Indufoam Full Matrimonial 4""","C$3,300",2,,COLCHONES,0
"Colchoneta Indufoam Semiortopedica 45"" ancho y 4"" alto","C$3,200",0,,COLCHONES,0
"Colchoneta Indufoam Twin Unipersonal 4""","C$2,600",3,,COLCHONES,0
"Colchoneta La Coruña Semiortopedica 45"" ancho y 4"" alto","C$2,190",3,,COLCHONES,0
Colchoneta La Coruña Unipersonal,"C$1,890",2,,COLCHONES,Single
Comedror de Madera para 6 Personas,"C$15,200",1,,COMEDORES,0
Corral para Bebe Capri,"C$4,590",1,,NIÑOS,BMB30
Dispensador de Agua Aiwa,"C$5,250",1,,DISPENSADORES,AWHWDTC1001
Dispensador de Agua Oster,"C$3,850",1,,DISPENSADORES,0
Dispensador de Agua Sankey,"C$4,950",2,,DISPENSADORES,WD307ST
Enfriador de Aire Portátil Aiwa,"C$5,490",2,,ABANICOS,AWHCAPH10L01
Equipo de Sonido Aiwa,"C$6,450",1,,EQUIPOS DE SONIDO,AWMCK801
Equipo de Sonido Aiwa,"C$8,350",1,,EQUIPOS DE SONIDO,AWMCK901
Equipo de Sonido Gippon,"C$4,200",1,,EQUIPOS DE SONIDO,GPS2190BT
Equipo de Sonido LG,"C$15,490",0,,EQUIPOS DE SONIDO,CK57
Equipo de Sonido LG,"C$5,950",0,,EQUIPOS DE SONIDO,CM4360
Equipo de Sonido LG,"C$9,250",1,,EQUIPOS DE SONIDO,CJ44
Equipo de Sonido LG,"C$9,490",2,,EQUIPOS DE SONIDO,CJ45
Equipo de Sonido LG,"C$7,750",3,,EQUIPOS DE SONIDO,CK43N
Equipo de Sonido LG,"C$19,990",2,,EQUIPOS DE SONIDO,CL88
Equipo de Sonido Sankey,"C$6,650",1,,EQUIPOS DE SONIDO,MDVD30
Escritorio,"C$2,400",2,,OFICINA,C12727
Estante Metalico Plegable 4 Niveles,"C$2,100",4,,ESTANTES,0
Estante pequeño de Plástico,C$600,0,,ESTANTES,0
Estante plástico de 5 niveles,"C$2,200",0,,ESTANTES,0
Exhibidor Mabe 12p,"C$28,190",1,,EXHIBIDORES,VM3164LBO
Exhibidor Mabe 15p,"C$34,950",1,,EXHIBIDORES,ALASKAVIT416CE
Exhibidor Mabe 8p,"C$22,350",0,,EXHIBIDORES,VM2164LBO
Exhibidor Nisato 8p,"C$18,900",1,,EXHIBIDORES,0
Exhibidor Oster 16p,"C$37,490",1,,EXHIBIDORES,0
Extractor de Jugo Black&Decker,"C$1,950",1,,EXTRACTORES,JE2500B-LA
Extractor de Jugo Sankey,"C$1,590",1,,EXTRACTORES,XJ8404W
Freezer Aiwa 150L,"C$9,990",2,,FREEZERS,AWHCFC15101
Freezer Aiwa 200L,"C$12,190",0,,FREEZERS,AWHCFC20101
Freezer Aiwa 300L,"C$15,750",4,,FREEZERS,AWHCFC30101
Freezer Aiwa 400L,"C$17,950",1,,FREEZERS,AWHCFC40001
Freezer Frigidaire 150L,"C$9,490",0,,FREEZERS,FFC05C4HPW
Freezer Frigidaire 200L,"C$11,900",1,,FREEZERS,FFCCHQW
Freezer Frigidaire 250L,"C$12,750",1,,FREEZERS,FFCD25C4HUW
Freezer Hisense 250L,"C$11,990",0,,FREEZERS,FC70D6BWXE
Freezer Mabe 400L,"C$24,590",0,,FREEZERS,CHM15BPL4
Freezer Mabe 700L,"C$35,850",1,,FREEZERS,CHM25PGL
Freezer Royal 400L,"C$22,490",1,,FREEZERS,RFH170
Freezer Royal 500L,"C$23,250",1,,FREEZERS,RFH200
Freezer Vertical Frigidaire,"C$11,290",1,,FREEZERS,FFUY06W3HWW
Freidora de Aceite Sankey,"C$3,990",1,,FREIDORAS,FRW225
Freidora de Aire Aiwa 10Lt,"C$5,380",0,,FREIDORAS,AWHAFT1001
Freidora de Aire Aiwa 3.5Lt,"C$2,980",1,,FREIDORAS,AWHAFT3501
Freidora de Aire Aiwa 6Lt,"C$3,650",3,,FREIDORAS,AWHAFT6001
Freidora de Aire Sankey 2Lt,"C$1,490",1,,FREIDORAS,FRW2011R/GY
Freidora de Aire Sankey 3Lt,"C$2,690",1,,FREIDORAS,FRW3013BT
Freidora de Aire Sankey 4.2Lt,"C$3,150",0,,FREIDORAS,FRW4251BL
Gabinete Metálico,"C$2,100",0,,GABINETES,0
Gabinete Multiusos Plastimas con Espejo,"C$3,190",1,,GABINETES,0
Gabinete Multiusos Plastimas,"C$2,890",2,,GABINETES,Rattan
Gavetero Megaplas,"C$2,490",0,,GAVETEROS,0
Gavetero Plastimas,"C$2,500",4,,GAVETEROS,0
Gavetero Plastimas Con Espejo Led,"C$4,590",4,,GAVETEROS,Supremo
Gavetero Plastimas Con Llave,"C$2,850",2,,GAVETEROS,0
Gavetero Plastimas Con Rodos,"C$2,600",0,,GAVETEROS,0
Gavetero Plastimas Vanity Con Llave,"C$3,250",0,,GAVETEROS,0
Hielera Pinacle 8L,C$850,2,,HIELERAS,TPX7200
Horno Electrico Aiwa 30Lt,"C$3,950",1,,HORNOS,AWHOA3001
Horno Electrico Aiwa 42Lt,"C$4,650",0,,HORNOS,AWHOA4201
Horno Electrico Sankey 10Lt,"C$1,800",1,,HORNOS,TO13
Horno Eléctrico Sankey 3OLt,"C$3,550",0,,HORNOS,OT350
Horno Eléctrico Sankey 40Lt,"C$3,790",0,,HORNOS,OT420
Horno Eléctrico Sankey 42Lt,"C$3,590",0,,HORNOS,OT450
Horno Tostador Black&Decker,"C$1,750",0,,HORNOS,TO1342W
Juego de Cobertores de Sofá,"C$1,890",0,,SOFAS,SCR3329
Juego de Cobertores de Sofá,"C$1,890",1,,SOFAS,SCR3320
Juego de Cuchillos BerlingerHause,"C$1,080",0,,UTENSILIOS,BH2480N
Juego de Cuchillos BerlingerHause,C$690,1,,UTENSILIOS,BH2612
Juego de Ollas 10pzas,"C$1,780",1,,UTENSILIOS,BP2035
Juego de Ollas Berlinger Haus 10pzas,"C$4,950",0,,UTENSILIOS,BH1220N
Juego de Ollas Berlinger Haus 10pzas,"C$5,420",2,,UTENSILIOS,BH8305
Juego de Ollas Berlinger Haus 10pzas,"C$5,420",2,,UTENSILIOS,BH8362
Juego de Ollas Berlinger Haus 15pzas,"C$5,890",1,,UTENSILIOS,BH8363
Juego de Ollas Berlinger Haus 15pzas,"C$5,890",2,,UTENSILIOS,BH1226N
Juego de Ollas Big Home 5pzas,"C$1,090",0,,UTENSILIOS,BGH5PC006
Juego de Ollas Big Home 6pzas,"C$1,090",0,,UTENSILIOS,BGH3PC005
Juego de Ollas Big Home 7pzas,"C$1,450",0,,UTENSILIOS,BGH7PC001
Juego de Ollas Epicure 6pzas,"C$2,250",0,,UTENSILIOS,EPKT064
Juego de Ollas Epicure 7pzas,"C$2,250",1,,UTENSILIOS,EP7PCS040
Juego de Ollas Epicure 8pzas,"C$2,840",0,,UTENSILIOS,EP8PCS037
Juego de Ollas Epicure Hampton 9pzas,"C$2,690",2,,UTENSILIOS,EP9PCS034
Juego de Ollas Epicure New York 8pzas,"C$2,620",1,,UTENSILIOS,EP8PCS041
Juego de Ollas Epicure Zafiro 8pzas,"C$2,840",5,,UTENSILIOS,EP8PCS042
Juego de Ollas Sankey 10pzas,"C$2,700",1,,UTENSILIOS,W1079
Juego de Ollas Sankey 12pzas,"C$2,690",1,,UTENSILIOS,W1277
Juego de Ollas Sankey 13pzas,"C$2,550",0,,UTENSILIOS,W1399K
Juego de Ollas Sankey 6pzas,"C$1,750",1,,UTENSILIOS,W656SD
Juego de Ollas Sankey 7pzas,"C$1,890",1,,UTENSILIOS,W757
Juego de Ollas Sankey 7pzas,"C$1,850",2,,UTENSILIOS,W758ID
Juego de Ollas Sankey 7pzas,"C$2,700",1,,UTENSILIOS,WD700
Juego de Ollas Sankey 7pzas,"C$2,190",2,,UTENSILIOS,W766SS
Juego de Ollas Sankey 8pzas,"C$2,590",0,,UTENSILIOS,W880M
Juego de Ollas Sankey 8pzas,"C$2,200",0,,UTENSILIOS,W878ID
Juego de Ollas Sankey 9pzas,"C$1,980",0,,UTENSILIOS,W985C
Juego de Sartenes BerlingerHaus 3pzas,"C$2,050",0,,UTENSILIOS,BH7075
Juego de Sartenes Sankey 3pzas,"C$1,280",0,,UTENSILIOS,W1626
Juego de Sofas 3-1-1,"C$13,650",0,,SOFAS,0
Juego de Sofas 3-2-1,"C$19,890",0,,SOFAS,0
Juego de Sofas Rectangular,"C$13,650",1,,SOFAS,0
Lavadora Automática LG 13Kg,"C$16,590",3,,LAVADORAS,WT13WPBP
Lavadora Automática LG 19Kg,"C$22,500",0,,LAVADORAS,WT19MV6
Lavadora Automática LG 20Kg,"C$32,990",0,,LAVADORAS,WM20VV26W
Lavadora Automática Mabe 16Kg,"C$16,590",0,,LAVADORAS,LMA46102VBAB0
Lavadora Automática Mabe 16Kg,"C$16,590",1,,LAVADORAS,LMA6120WDGAB0
Lavadora Automática Mabe 16Kg,"C$18,490",1,,LAVADORAS,LMA76102CBAB0
Lavadora Automática Mabe 18Kg,"C$17,350",0,,LAVADORAS,LMA8120WDGAB0
Lavadora Automática Mabe 18Kg,"C$18,990",1,,LAVADORAS,LMA78113CBAB0
Lavadora Automática Mabe 19Kg,"C$19,590",1,,LAVADORAS,LMA79113VBAB0
Lavadora Automática Samsung 13Kg,"C$14,190",0,,LAVADORAS,WA13CG5441BW
Lavadora Automatica Samsung 15kg,"C$17,390",2,,LAVADORAS,WA15CG5441BWAP
Lavadora Automática Samsung 17Kg,"C$19,390",2,,LAVADORAS,WA17CG6441BWAP
Lavadora Automática Samsung 19Kg,"C$21,550",0,,LAVADORAS,WA19CG6442BW
Lavadora Automática Samsung 21Kg,"C$23,350",1,,LAVADORAS,WA21B3543GW
Lavadora Automática Whirlpool 14Kg,"C$14,690",0,,LAVADORAS,WWI14ASHLS
Lavadora Semiautomática Aiwa 14Kg,"C$11,290",2,,LAVADORAS,AWHTTX1401
Lavadora Semiautomática Aiwa 16Kg,"C$12,850",0,,LAVADORAS,AWHTTPX1601
Lavadora Semiautomática Electroplus 16Kg,"C$10,990",0,,LAVADORAS,EP1618S
Lavadora Semiautomática Frigidaire 12Kg,"C$8,750",0,,LAVADORAS,FWTM12M3BUTW
Lavadora Semiautomática Frigidaire 13Kg,"C$11,100",1,,LAVADORAS,FWTB13M4MBURW
Lavadora Semiautomatica Frigidaire 15kg,"C$9,490",1,,LAVADORAS,FWTM15M3BUTW
Lavadora Semiautomatica Frigidaire 18kg,"C$12,890",1,,LAVADORAS,FWTB18M3MBURW
Lavadora Semiautomática Hisense 13Kg,"C$11,190",0,,LAVADORAS,TTA1307N
Lavadora Semiautomática Hisense 18Kg,"C$12,490",0,,LAVADORAS,WSA1801P
Lavadora Semiautomática LG de 15Kg,"C$14,190",1,,LAVADORAS,WP15WAR
Lavadora Semiautomática LG de 15Kg,"C$14,990",3,,LAVADORAS,WP15MAR
Lavadora Semiautomática LG de 18Kg,"C$15,490",0,,LAVADORAS,WP18WAR
Lavadora Semiautomática Mabe 11Kg,"C$7,990",2,,LAVADORAS,LMDX1123HBAB0
Lavadora Semiautomática Mabe 13Kg,"C$8,990",4,,LAVADORAS,LMDX3123HBAB0
Lavadora Semiautomática Mabe 16Kg,"C$10,990",1,,LAVADORAS,LMDX6124HBAB0
Lavadora Semiautomática Mabe 18Kg,"C$11,990",1,,LAVADORAS,LMDX8124HBAB0
Lavadora Semiautomática Mabe 22Kg,"C$13,190",0,,LAVADORAS,LMDX2224HBAB0
Lavadora Semiautomatica Samsung 18Kg,"C$16,190",0,,LAVADORAS,WT18K5200MB
Licuadora Aiwa Jarra de Plástico 1.75L 10 Velocidades,"C$3,200",1,,LICUADORAS,AWHBTLP7401
Licuadora Black&Decker 3 en 1,"C$3,950",0,,LICUADORAS,BL1350G
Licuadora Black&Decker Jarra de Plástico 1.25L 2 Velocidades,"C$1,280",3,,LICUADORAS,BL0002BD
Licuadora Black&Decker Jarra de Vidrio 1.25L 10 Velocidades,"C$1,890",0,,LICUADORAS,BLBD210GB
Licuadora Black&Decker Jarra de Vidrio 1.25L 8 Velocidades,"C$1,780",1,,LICUADORAS,BL08764BDLA
Licuadora Frigidaire Jarra de Plástico 1.5L 2 Velocidades,"C$1,600",1,,LICUADORAS,BLF09
Licuadora Frigidaire Jarra de Vidrio 1.5L 2 Velocidades,"C$1,590",1,,LICUADORAS,FBS20
Licuadora Frigidaire Jarra de Vidrio 1.5L 5 Velocidades,"C$1,890",1,,LICUADORAS,FBS30
Licuadora Ninja 2 en 1 Jarra de Plastico 2.15L 1400W,"C$4,950",1,,LICUADORAS,BN750
Licuadora Ninja Jarra de Plastico 1000W,"C$3,950",1,,LICUADORAS,0
Licuadora Ninja Jarra de Plástico 2.15L 1000W,"C$3,850",2,,LICUADORAS,BL610
Licuadora Ninja Jarra de Plástico 2.15L 1400W,"C$5,500",1,,LICUADORAS,BN700
Licuadora Oster Jarra de Plástico 1.25L 10 Velocidades,"C$1,990",2,,LICUADORAS,BLST4108
Licuadora Oster Jarra de Vidrio 1.25L 10 Velocidades,"C$2,350",0,,LICUADORAS,4112
Licuadora Oster Jarra de Vidrio 1.25L 3 Velocidades,"C$3,650",1,,LICUADORAS,BLST4655
Licuadora Oster Jarra de Vidrio 1.5L 2 Velocidades,"C$1,990",0,,LICUADORAS,BLSTKAGLPB
Licuadora Oster Jarra de Vidrio 1.5L 2 Velocidades,"C$1,750",2,,LICUADORAS,BLSTKAGWRD
Licuadora Oster Jarra de Vidrio 1.5L 2 Velocidades,"C$2,800",0,,LICUADORAS,BLSTBPST
Litera Capri Matrimonial,"C$10,990",1,,CAMAS,0
Litera Capri Unipersonal,"C$9,690",1,,CAMAS,0
Máquina de Cortar Pelo Remington,"C$1,600",0,,MAQUINAS PARA PELO,HC06A
Máquina de Cortar Pelo Wahl Detailer,"C$3,350",1,,MAQUINAS PARA PELO,8081
Máquina de Cortar Pelo Wahl Hero,"C$2,750",0,,MAQUINAS PARA PELO,8991
Maquina de Cortar Pelo Wahl Home Pro,"C$1,850",3,,MAQUINAS PARA PELO,0
Máquina de Cortar Pelo Wahl Legend,"C$4,950",1,,MAQUINAS PARA PELO,8591L1R
Máquina de Cortar Pelo Wahl Magic Clip,"C$4,800",1,,MAQUINAS PARA PELO,8591L1
Máquina de Cortar Pelo Wahl Senior,"C$3,300",1,,MAQUINAS PARA PELO,850
Maquina de Cortar Pelo Wahl Sport Cut,"C$1,350",0,,MAQUINAS PARA PELO,92436978
Maquina de Coser Brother,"C$5,850",0,,MAQUINAS DE COSER,LX3817G
Maquina de Coser Sankey,"C$5,850",1,,MAQUINAS DE COSER,SM3311
Maquina de Coser Singer,"C$6,390",2,,MAQUINAS DE COSER,1306
Mesa Cuadrada Lotus,"C$1,450",1,,MESAS,NT5232W
Mesa Dinasty Plastimas,"C$1,500",5,,MESAS,RATTAN
Mesa Kennedy,"C$1,490",0,,MESAS,0
Mesa Plastica Cuadrada Mega Plast,C$980,2,,MESAS,Turin
Mesa Plastica Cuadrada Premium Plastimas,C$950,3,,MESAS,RATTAN
Mesa Plástica Redonda Megaplast,C$750,0,,MESAS,Coctel
Mesa Plegable Estilo Sandwichera,"C$2,350",0,,MESAS,BSLXZ184
Mesa PVC con Lava Manos,"C$3,450",1,,MESAS,0
Mesa PVC Cuadrada,"C$1,560",1,,MESAS,F87
Mesa PVC Pequeña,C$990,0,,MESAS,0
Mesa PVC Plegable Grande,"C$2,350",0,,MESAS,0
Mesa PVC Plegable Pequeña,"C$1,650",0,,MESAS,0
Microondas Aiwa 20L 700W,"C$4,590",1,,MICROONDAS,AWHMG2OS01
Microondas Aiwa 20L 700W,"C$3,690",0,,MICROONDAS,AWHMG2OB01
Microondas Frigidaire 17L 600W,"C$2,890",1,,MICROONDAS,FMDO17S3GSPW
Microondas LG 20L 700W,"C$4,750",1,,MICROONDAS,MS2032GAS
Microondas Mabe 20L 700W,"C$2,850",0,,MICROONDAS,HMM70SEJ
Microondas Samsung 23L 800W,"C$3,850",2,,MICROONDAS,MS23K3513
Microondas Sankey  20L 700W,"C$3,190",0,,MICROONDAS,MW773M
Microondas Sankey 19L 700W,"C$3,350",1,,MICROONDAS,MW760W
Microondas Sankey 20L 700W,"C$3,450",0,,MICROONDAS,MW758SS
Microondas Sankey 20L 700W,"C$2,790",0,,MICROONDAS,MW722M
Microondas Sankey 20L 700W,"C$3,190",1,,MICROONDAS,MW759M
Microondas Sankey 20L 700W,"C$3,250",0,,MICROONDAS,MW757SL
Microondas Sankey 20L 700W,"C$3,190",1,,MICROONDAS,MW751GR
Microondas Sankey 20L 700W,"C$3,450",0,,MICROONDAS,MW755BLMI
Microondas Sankey 20L 700W,"C$3,190",1,,MICROONDAS,MW751W
Microondas Sankey 29L 900W,"C$4,250",1,,MICROONDAS,MW1135BL
Microondas Sankey 31L 1000W,"C$4,490",2,,MICROONDAS,MW1033SS
Moto Electrica Little Kids Pequeña,"C$6,500",0,,NIÑOS,696
Moto Eléctrica Wonder Baby Grande,"C$11,690",0,,NIÑOS,0
Moto Electrica Wonder Baby Mediana,"C$8,890",1,,NIÑOS,BM473
Moto Eléctrica Wonder Baby Pequeña,"C$6,590",0,,NIÑOS,BN707
"Mueble para Pantalla 32""-60"" de vidrio","C$6,590",0,,MUEBLES,0
Olla Antiadherente Lotus 36cm,C$960,0,,UTENSILIOS,LHC2636
Olla de Aluminio Lotus 28cm,"C$1,250",1,,UTENSILIOS,LHCDC2803
Olla de Presión Black&Decker,"C$2,250",0,,OLLAS DE PRESION,PC700
Olla de Presión Eléctrica Aiwa,"C$3,450",2,,OLLAS DE PRESION,AWHPCM6001
Olla de Presion Electrica Sankey 6Lt,"C$2,850",0,,OLLAS DE PRESION,KE61M
Olla de Presion Electrica Sankey 6Lt,"C$2,890",1,,OLLAS DE PRESION,KE67D
Olla de Presión Oster,"C$1,890",0,,OLLAS DE PRESION,CKSTPC4692
Olla de Presion Sankey 11L,"C$1,990",1,,OLLAS DE PRESION,K11
Olla de Presión Sankey 5.5L,"C$1,290",0,,OLLAS DE PRESION,K60
Olla de Presión Sankey 7L,"C$1,490",0,,OLLAS DE PRESION,K70
Olla Multiuso Electrica Sankey 9L,"C$1,950",0,,OLLAS DE PRESION,SA1360M
Olla Sankey,"C$2,150",1,,OLLAS DE PRESION,W4070
Organizador de Zapatos 10 Pares,C$820,1,,ZAPATERAS,307900
Organizador de Zapatos 18 Pares,C$750,1,,ZAPATERAS,4023WHT
Organizador de Zapatos Multifuncional,"C$1,200",1,,ZAPATERAS,0
"Pantalla Aiwa 32""","C$6,890",6,,PANTALLAS,AW32B4SMG
"Pantalla Aiwa 40""","C$10,000",2,,PANTALLAS,AW40B4SFG
"Pantalla Aiwa 42""","C$10,350",0,,PANTALLAS,AW42B4SFG
"Pantalla Aiwa 43""","C$10,690",1,,PANTALLAS,AW43B4SFG
"Pantalla Aiwa 50""","C$15,950",0,,PANTALLAS,AW50B4KFG
"Pantalla Aiwa 55""","C$18,350",2,,PANTALLAS,AW55B4KFG
"Pantalla Aiwa 58""","C$19,550",0,,PANTALLAS,AW58B4KFG
"Pantalla Aiwa 65""","C$26,500",1,,PANTALLAS,AW65B4KFG
"Pantalla Electroplus 32""","C$5,890",1,,PANTALLAS,EPTV32SM
"Pantalla Electroplus 42""","C$8,490",0,,PANTALLAS,EPTV42SM
"Pantalla Haier 32""","C$7,850",2,,PANTALLAS,H32K800G
"Pantalla Haier 43""","C$14,490",0,,PANTALLAS,H43S80EUX
"Pantalla Hisense 32""","C$9,990",1,,PANTALLAS,32H5G
"Pantalla iFFALCON 32""","C$5,590",1,,PANTALLAS,iFF32S53
"Pantalla iFFALCON 40""","C$7,890",1,,PANTALLAS,iFF40S53
"Pantalla iFFALCON 43""","C$8,490",1,,PANTALLAS,iFF43S53
"Pantalla Led Aiwa 32""","C$5,590",2,,PANTALLAS,AW32B4
"Pantalla Led Premier 24""","C$4,690",0,,PANTALLAS,TV8345LF24WHNW
"Pantalla Led Prina 24""","C$3,650",1,,PANTALLAS,PR24
"Pantalla LG 32""","C$11,990",0,,PANTALLAS,32LR650BPSA
"Pantalla LG 43""","C$15,390",0,,PANTALLAS,43LM6370PSB
"Pantalla LG 50""","C$19,290",1,,PANTALLAS,50UT7300PSA
"Pantalla LG 55""","C$24,450",1,,PANTALLAS,55UT7300PSA
"Pantalla LG 65""","C$27,890",2,,PANTALLAS,65UA7300PSB
"Pantalla Nisato 24""","C$3,990",2,,PANTALLAS,NLED50WOISLE
"Pantalla Nisato 50""","C$11,900",1,,PANTALLAS,NLED2403LE
"Pantalla Premier 24""","C$4,790",1,,PANTALLAS,0
"Pantalla Samsung 32""","C$11,990",7,,PANTALLAS,UN32T4300AP
"Pantalla Samsung 40""","C$12,490",5,,PANTALLAS,UN40F6000F
"Pantalla Samsung 43""","C$17,590",2,,PANTALLAS,UN43U8000FPXPA
"Pantalla Samsung 50""","C$20,190",0,,PANTALLAS,UN50AU7090P
"Pantalla Samsung 55""","C$23,190",0,,PANTALLAS,UN55AU7090P
"Pantalla Samsung 60""","C$26,190",1,,PANTALLAS,UN60AU7000G
"Pantalla Samsung 65""","C$26,690",1,,PANTALLAS,UN65CU8000F
"Pantalla Samsung 75""","C$48,180",0,,PANTALLAS,UN75AU7000P
"Pantalla Xiaomi 32""","C$7,250",1,,PANTALLAS,L32M8P2PH
Parlante Aiwa,"C$11,490",1,,PARLANTES,AWPOC10L
Parlante Aiwa,"C$13,590",2,,PARLANTES,AWPOC15
Parlante Ewtto,"C$2,600",1,,PARLANTES,ETP5442MBC
Parlante JBL Party Box,"C$28,550",0,,PARLANTES,710
Parlante Recargable Aiwa,"C$9,990",1,,PARLANTES,AWPOH2D
Parlante Recargable Aiwa,"C$5,750",1,,PARLANTES,AWPOK5
Parlante Recargable Argóm Tech,"C$4,900",1,,PARLANTES,ARGSP3351BK
Parlante Recargable Coby,"C$5,390",0,,PARLANTES,CY33601519/1020D
Parlante Recargable Coby,"C$4,950",0,,PARLANTES,CY3360
Parlante Recargable de Pedestal Aiwa,"C$7,750",0,,PARLANTES,AWSP15TS
Parlante Recargable de Pedestal Aiwa,"C$7,250",2,,PARLANTES,AWSP15TK
"Parlante Recargable Sankey 10"" con Ruedas","C$5,890",1,,PARLANTES,PA10DCN48
"Parlante Recargable Sankey 12""","C$4,250",1,,PARLANTES,PA12DCT102
"Parlante Recargable Sankey 4""",C$820,0,,PARLANTES,PA4DCC38
"Parlante Recargable Sankey 6.5""","C$3,190",0,,PARLANTES,PA65DCM12
"Parlante Recargable Sankey 6.5""","C$4,990",0,,PARLANTES,PA65DC24
Parlante Samsung,"C$13,200",1,,PARLANTES,MXT50
Parrilla de Panini Sankey,"C$1,630",1,,PARRILLAS,SW30
Parrilla Eléctrica Sankey,"C$2,250",1,,PARRILLAS,SA2250
Patineta Little Kids,"C$2,320",2,,NIÑOS,LKSCT50549
Patineta Little Kids,C$480,2,,NIÑOS,0
Patineta Little Kids Pato,C$780,0,,NIÑOS,LKS32401
Patineta Little Kids Pepa Pig,C$780,0,,NIÑOS,LKSCT99600
Patineta Little Kids Perro,"C$1,320",1,,NIÑOS,LK1024A
Patineta Little Kids Transformers,"C$1,990",5,,NIÑOS,LKSGTS
Patineta para Niños Wonder Baby,"C$1,850",2,,NIÑOS,BM249
Patineta para Niños Wonder Baby,C$890,0,,NIÑOS,bm953
Picador Eléctrico Sankey,C$990,0,,PICADOR ELECTRICO,MX124G
Picador Eléctrico Sankey,C$990,1,,PICADOR ELECTRICO,MX158
Piscina Intex 1.83m x 38cm,C$650,0,,PISCINAS,56452NP
Piscina Intex 2.60m,"C$4,200",1,,PISCINAS,0
Piscina Intex 3m,"C$4,890",0,,PISCINAS,28272NP
Plancha de Vapor Aiwa,C$580,0,,PLANCHAS,AWHIC24701
Plancha de Vapor Black&Decker,C$990,0,,PLANCHAS,IRBD352
Plancha de Vapor Black&Decker,C$860,4,,PLANCHAS,IRBD100
Plancha de Vapor Frigidaire,C$550,2,,PLANCHAS,FSI10
Plancha de Vapor Oster,C$750,0,,PLANCHAS,GCSTBS5004013
Plancha de Vapor Oster,C$850,3,,PLANCHAS,GCSTBS6005013
Plancha de Vapor Sankey,C$800,0,,PLANCHAS,PV490
Plancha de Vapor Sankey,C$630,0,,PLANCHAS,PV189
Plancha de Vapor Sankey,C$700,0,,PLANCHAS,PV108
Plancha para Pelo Remington,"C$2,200",0,,PLANCHA PARA PELO,S8001P
Plancha para Pelo Remington Aguacate,"C$2,200",1,,PLANCHA PARA PELO,DS9520
Plancha para Pelo Remington Aguacate,"C$2,200",1,,PLANCHA PARA PELO,S8500
Plancha para Pelo Remington Aguacate,"C$2,200",0,,PLANCHA PARA PELO,S12A
Plancha para Pelo Remington Ceramic,C$810,1,,PLANCHA PARA PELO,S1001
Plancha para Pelo Remington Turmalina,"C$2,200",0,,PLANCHA PARA PELO,S5520
Plancha Seca Sankey,C$700,2,,PLANCHAS,JP80/81/82
Planchador Estilo Alacrán,"C$1,000",0,,PLANCHAS,0
Procesador de Alimentos Black&Decker,"C$1,850",1,,PICADOR ELECTRICO,FP4200B
Procesador de Alimentos Sankey,"C$3,290",1,,PICADOR ELECTRICO,MX1010
Radio Sankey,"C$1,380",1,,RADIO,R492BT
Refrigeradora Aiwa 10.5p,"C$19,750",1,,REFRIGERADORAS,AWHRC31401
Refrigeradora Aiwa 12.28p con dispensador,"C$20,350",2,,REFRIGERADORAS,AWHRC36501
Refrigeradora Aiwa 7p,"C$13,890",0,,REFRIGERADORAS,AWHRC21301
Refrigeradora Aiwa 9p con dispensador,"C$16,290",3,,REFRIGERADORAS,AWHRC26501
Refrigeradora de Mesa G-Plus,"C$6,650",1,,REFRIGERADORAS,0
Refrigeradora de Mesa G-Plus 2 puertas,"C$9,800",1,,REFRIGERADORAS,0
Refrigeradora de Mesa Hisense 3.3p,"C$8,490",3,,REFRIGERADORAS,RR33D6AGX1
Refrigeradora de Mesa Hisense 4.4p,"C$8,890",0,,REFRIGERADORAS,RR43D6ACX1
Refrigeradora de Mesa Oster 4.3p,"C$8,400",1,,REFRIGERADORAS,SL0010
Refrigeradora de Mesa Premier 3p,"C$6,590",0,,REFRIGERADORAS,NV8453R1D3WN1
Refrigeradora de Mesa Royal,"C$8,590",3,,REFRIGERADORAS,RF400B
Refrigeradora de Mesa Sankey,"C$7,100",1,,REFRIGERADORAS,RF280
Refrigeradora Frigidaire 10.8p,"C$17,550",0,,REFRIGERADORAS,FRTM32G3HPS
Refrigeradora Frigidaire 4.8p,"C$11,690",2,,REFRIGERADORAS,FRTM13G3HPS
Refrigeradora Frigidaire 7p,"C$12,350",1,,REFRIGERADORAS,FRTY07G3HVS
Refrigeradora Frigidaire 8.8,"C$16,590",0,,REFRIGERADORAS,FRTM25G3HPS
Refrigeradora Frigidaire 8p con Dispensador,"C$12,390",0,,REFRIGERADORAS,FRDM22F3HPS
Refrigeradora Hisense 5.48p,"C$11,450",0,,REFRIGERADORAS,RT55D6AAE
Refrigeradora Hisense 6.3p con Dispensador,"C$12,390",0,,REFRIGERADORAS,RR63D6WGX1
Refrigeradora Hisense 7.27p con dispensador,"C$13,590",0,,REFRIGERADORAS,RT80D6WGX
Refrigeradora LG Inverter 7.7p,"C$19,590",0,,REFRIGERADORAS,VT24BPPM
Refrigeradora Mabe 11p Condispensador y Panel Digital,"C$26,990",2,,REFRIGERADORAS,RMA1300
Refrigeradora Mabe 13p con Dispensador,"C$25,390",2,,REFRIGERADORAS,RMP370GCAT
Refrigeradora Mabe 14p,"C$24,590",0,,REFRIGERADORAS,RMC400
Refrigeradora Mabe 6p,"C$11,450",1,,REFRIGERADORAS,RMD165PV
Refrigeradora Mabe 8p,"C$18,590",0,,REFRIGERADORAS,RMA1230
Refrigeradora Mabe 8p  con Dispensador,"C$13,290",1,,REFRIGERADORAS,RMU210
Refrigeradora Mabe 9p  con Dispensador,"C$15,250",0,,REFRIGERADORAS,RMU1290
Refrigeradora Nisato 5p,"C$9,890",1,,REFRIGERADORAS,NRF2151FML
Refrigeradora Nisato 12p,"C$19,190",0,,REFRIGERADORAS,NRF317NFSSHM
Refrigeradora Royal 5.5p,"C$9,390",1,,REFRIGERADORAS,RF55DFS
Refrigeradora Royal 7.6p con Dispensador,"C$11,390",2,,REFRIGERADORAS,RF76DG
Refrigeradora Royal 7p,"C$10,500",2,,REFRIGERADORAS,RF72SLDF
Refrigeradora Samsung  con Dispensador,"C$21,190",0,,REFRIGERADORAS,RT35DG5224S9AP
Refrigeradora Samsung 10p con Dispensador,"C$24,190",0,,REFRIGERADORAS,RT31DG5224S9
Refrigeradora Samsung 11p,"C$23,190",0,,REFRIGERADORAS,RT31DG5124S9
Ropero de Madera Cuatro Puertas,"C$29,590",1,,ROPEROS,0
Ropero de Madera Tres Puertas,"C$19,590",2,,ROPEROS,0
Ropero de Plastico Nikamal,"C$6,750",3,,ROPEROS,0
Ropero de Plástico Plastimas,"C$5,950",1,,ROPEROS,Premium Ratan
Ropero de Plástico Plastimas,"C$3,950",0,,ROPEROS,forte
Ropero Metálico 2 Puertas,"C$7,980",3,,ROPEROS,0
Ropero Metálico 3 Puertas,"C$10,960",0,,ROPEROS,0
Sandwichera Sankey,C$650,4,,SANDWICHERA,SW21BK/26BL
Sarten Berlinger Haus 24cm,"C$1,050",0,,UTENSILIOS,BH1259
Sartén Berlinger Haus 24cm,"C$1,050",0,,UTENSILIOS,BH1517N
Sartén Berlinger Haus 28cm,"C$1,150",0,,UTENSILIOS,BH1613N
Sarten Berlinger Haus 30cm,"C$1,100",4,,UTENSILIOS,BH1511N/1254N
Sartén Eléctrico Black&Decker 30cm,"C$3,690",1,,UTENSILIOS,SK1212B
Sarten Epicure 32cm,C$830,2,,UTENSILIOS,EP32CMWOK
Secadora de Pelo + Plancha + Rizador Remington,"C$2,390",0,,SECADORA DE PELO,S5520/CI52W1/D3015
Secadora de Pelo + Plancha Remington,"C$3,200",1,,SECADORA DE PELO,S80001P/D5000
Secadora de Pelo Remington,"C$1,020",0,,SECADORA DE PELO,D3015
Secadora de Pelo Remington,C$920,0,,SECADORA DE PELO,D2400
Secadora de Pelo Remington,C$950,1,,SECADORA DE PELO,D5000
Secadora de Pelo Remington,"C$2,100",1,,SECADORA DE PELO,D13A110
Silla Mecedora Plástica para Niños National,C$450,1,,NIÑOS,0
Silla Mecedora Plástica Plastimas,"C$1,300",4,,SILLAS,Rattan
Silla para bebe,"C$1,850",0,,NIÑOS,TJ41
Silla Para Bebe,"C$1,890",1,,NIÑOS,BHC14
Silla Plastica Imperial,C$380,12,,SILLAS,0
Silla Plastica Sin Brazos,C$420,4,,SILLAS,0
Silla Plastica Sin Brazos Premiun,C$420,4,,SILLAS,0
Silla Plastica Vita Megaplast,C$450,4,,SILLAS,Rattan
Silla Playera,C$790,6,,SILLAS,0
Silla Plegable,C$650,4,,SILLAS,0
Silla Sofa Plastimas,C$600,12,,SILLAS,0
"Soporte para Pantalla Fijo Aiwa 32""-70""",C$690,4,,SOPORTE PANTALLA,AWWML3
"Soporte para Pantalla Fijo Aiwa 32""-70""",C$690,1,,SOPORTE PANTALLA,AWWMT2
"Soporte para Pantalla Giratorio Gold Crown 14""-42""",C$450,1,,SOPORTE PANTALLA,GC302AG
"Soporte para Pantalla Giratorio Members 24""-65""",C$790,1,,SOPORTE PANTALLA,0
"Soporte para Pantalla Giratorio Members 32""-90""","C$2,200",1,,SOPORTE PANTALLA,PSW882
"Soporte para Pantalla Giratorio Premier 26""-55""",C$490,2,,SOPORTE PANTALLA,WM7843B
"Soporte para Pantalla Giratorio Premier 26""-65""","C$1,050",0,,SOPORTE PANTALLA,WM7219B
"Soporte para Pantalla Giratorio Premier 32""-75""",C$980,1,,SOPORTE PANTALLA,WM9150
"Soporte para Pantalla Giratorio Sankey 32"" - 55""",C$950,1,,SOPORTE PANTALLA,V306MB
Tanque de Gas,"C$4,400",3,https://photos.app.goo.gl/9rFASNNJoQtzwgPt8,COCINA,0
Teatro Master Sonic,"C$2,400",1,,SONIDO,MS2390BT
Tetera  BerlingerHaus,C$750,0,,UTENSILIOS,BH1075N
Triciclo para Bebé,"C$2,600",1,,NIÑOS,0
Triciclo para Bebe Wonder Baby,"C$1,390",1,https://photos.app.goo.gl/RcdKsmsNbQaf4DZ79,NIÑOS,BM935
Valvula de Cocina,C$320,1,,UTENSILIOS,0